label,quarter,category,value,female_category,f_value,male_category,m_value
1,2021 jan-2021 april,overall_urban,7.7,female_urban,18.4,male_urban,6.6
1,2021 jan-2021 april,overall_rural,6.4,female_rural,11.5,male_rural,5.8
2,2020 sept-2020 dec,overall_urban,7.8,female_urban,20.8,male_urban,6.5
2,2020 sept-2020 dec,overall_rural,6.7,female_rural,13,male_rural,5.9
3,2020 may-2020 august,overall_urban,12.7,female_urban,21.9,male_urban,11.7
3,2020 may-2020 august,overall_rural,11,female_rural,15.3,male_rural,10.5
4,2020 jan-2020 april,overall_urban,12.4,female_urban,25.9,male_urban,10.8
4,2020 jan-2020 april,overall_rural,9.5,female_rural,15.5,male_rural,8.7
5,2019 sept-2019 dec,overall_urban,9,female_urban,26,male_urban,7
5,2019 sept-2019 dec,overall_rural,6.8,female_rural,13.9,male_rural,5.8
6,2019 may-2019 august,overall_urban,8.4,female_urban,24.1,male_urban,6.5
6,2019 may-2019 august,overall_rural,7,female_rural,14.9,male_rural,5.9
